,SPFfor_Step1,SPFfor_Step2,SPFfor_Step3,SPFfor_Step4,SPFfor_Step5,IARfor_Step1,IARfor_Step2,IARfor_Step3,IARfor_Step4,IARfor_Step5,NCfor_Step1,NCfor_Step2,NCfor_Step3,NCfor_Step4,NCfor_Step5,DARfor_Step1,DARfor_Step2,DARfor_Step3,DARfor_Step4,DARfor_Step5,DARMfor_Step1,DARMfor_Step2,DARMfor_Step3,DARMfor_Step4,DARMfor_Step5,Realiz1,Realiz2,Realiz3,Realiz4,Realiz5
1968:04,3.319221003,#N/A,#N/A,#N/A,#N/A,3.280313922,3.190121285,2.669909421,2.060299766,2.32001897,3.507366096,4.246875425,3.96431721,3.899895983,3.599283658,3.280313922,3.120116822,2.787252931,2.689554139,2.2430777,#N/A,#N/A,#N/A,#N/A,#N/A,3.916230335,4.133896449,4.18072896,4.415896998,5.682663
1969:01,3.265038522,3.291906844,#N/A,#N/A,#N/A,3.090391738,2.966522042,2.836172137,2.545567098,2.039723916,3.916230335,3.507366096,4.246875425,3.96431721,3.899895983,3.090391738,2.820919457,3.016777119,2.732096409,2.370676672,#N/A,#N/A,#N/A,#N/A,#N/A,4.355162752,4.752306273,4.757869868,4.590054905,4.067212392
1969:02,3.23860521,3.23860521,3.265038522,#N/A,#N/A,3.740649431,3.038501569,2.810655912,2.737372579,2.421160486,4.355162752,3.916230335,3.507366096,4.246875425,3.96431721,3.740649431,2.984576897,3.15464459,2.889494878,2.603820351,#N/A,#N/A,#N/A,#N/A,#N/A,4.957023984,5.167431863,4.941963141,5.32650895,5.381250266
1969:03,6.449581254,3.212596429,3.212596429,3.23860521,#N/A,4.624588212,3.56631606,2.770147946,2.665227427,2.593074544,4.957023984,4.355162752,3.916230335,3.507366096,4.246875425,4.624588212,3.294834154,3.032020418,2.745485329,2.567621083,#N/A,#N/A,#N/A,#N/A,#N/A,5.61930205,5.727737176,5.618441013,6.100937055,5.81952176
1969:04,6.347268935,3.137017414,3.187002034,0,3.212596429,5.13641228,4.469630187,3.28995684,2.688108396,2.575858504,5.61930205,4.957023984,4.355162752,3.916230335,3.507366096,5.13641228,3.757503409,3.63903736,3.010867731,2.95038683,#N/A,#N/A,#N/A,#N/A,#N/A,4.499432065,4.505198894,4.890399246,4.850495491,5.093531986
1970:01,3.08857638,3.08857638,3.112608452,3.161812201,#N/A,4.797305489,5.146550461,4.484040474,3.119814058,2.584882537,4.499432065,5.61930205,4.957023984,4.355162752,3.916230335,4.797305489,5.104956653,4.214841653,3.332029309,2.747750576,#N/A,#N/A,#N/A,#N/A,#N/A,5.150785519,6.436665883,6.556972772,6.629523031,5.624088649
1970:02,6.199743701,3.064912537,3.064912537,3.08857638,#N/A,4.738978223,4.497206798,5.059609246,4.499254044,2.958436542,5.150785519,4.499432065,5.61930205,4.957023984,4.355162752,4.738978223,4.500582166,4.662325319,3.812479609,3.092401154,#N/A,#N/A,#N/A,#N/A,#N/A,4.204595301,4.288957908,4.575993572,4.214457849,5.899025283
1970:03,3.018656195,3.018656195,3.041608523,3.041608523,#N/A,5.306009684,5.175505477,4.83884253,5.113323241,4.430950828,4.204595301,5.150785519,4.499432065,5.61930205,4.957023984,5.306009684,5.038648049,4.548464008,4.286561349,3.80436324,#N/A,#N/A,#N/A,#N/A,#N/A,4.429337858,4.613915836,5.052625816,4.059444019,3.321556609
1970:04,4.3496425,2.996047652,2.996047652,3.018656195,3.018656195,3.981182177,4.394799061,4.773609985,4.550571016,5.026688312,4.429337858,4.204595301,5.150785519,4.499432065,5.61930205,3.981182177,4.355995986,4.447790201,3.760639852,4.188824921,#N/A,#N/A,#N/A,#N/A,#N/A,5.71176037,5.871291212,6.291445293,6.448411315,5.343799357
1971:01,4.138407856,3.701258226,4.485291622,2.973775226,#N/A,5.72225444,4.673782646,5.277145967,4.985656241,4.656152774,5.71176037,4.429337858,4.204595301,5.150785519,4.499432065,5.72225444,4.685671577,5.114317615,4.559525478,4.124535521,#N/A,#N/A,#N/A,#N/A,#N/A,5.260914576,5.405523617,5.890723971,5.481844936,6.20060668
1971:02,3.788289815,3.503319446,3.816087648,4.435562047,2.951831479,5.257087838,5.458951471,4.275650107,4.538376656,4.745392696,5.260914576,5.71176037,4.429337858,4.204595301,5.150785519,5.257087838,5.091002249,4.19264938,3.962737129,4.123820617,#N/A,#N/A,#N/A,#N/A,#N/A,4.12719919,3.980496999,4.417553027,4.838347233,5.453353026
1971:03,2.548544861,4.045735569,3.766341414,3.191625185,2.908901344,4.650512728,5.027271352,5.275860638,4.454826156,5.016724902,4.12719919,5.260914576,5.71176037,4.429337858,4.204595301,4.650512728,5.08644842,4.844402527,4.17200121,4.343042925,#N/A,#N/A,#N/A,#N/A,#N/A,3.297433359,2.496455714,2.849392383,2.835963612,4.101484619
1971:04,2.840732485,3.673233275,3.137017414,3.440547364,3.457895676,4.236068966,4.826363197,5.282116135,5.400138203,4.13599989,3.297433359,4.12719919,5.260914576,5.71176037,4.429337858,4.236068966,4.877205067,5.336588069,5.182452025,4.03514006,#N/A,#N/A,#N/A,#N/A,#N/A,1.488512532,1.666945636,1.542884044,1.290856332,3.341962087
1972:01,3.982446379,3.391926304,2.509463279,3.399131679,3.411208901,1.698554509,4.306398315,4.891474032,5.165383007,5.437596682,1.488512532,3.297433359,4.12719919,5.260914576,5.71176037,1.698554509,4.055841624,4.731388186,4.333269189,5.215646577,#N/A,#N/A,#N/A,#N/A,#N/A,6.192640209,5.156390764,5.751283166,5.552405722,6.583006608
1972:02,3.351665958,3.372860462,3.363407685,3.617028108,3.086410034,4.987704701,1.869245825,4.122125887,4.621128033,5.218296463,6.192640209,1.488512532,3.297433359,4.12719919,5.260914576,4.987704701,2.327804731,3.744108015,4.647710629,5.192789827,#N/A,#N/A,#N/A,#N/A,#N/A,2.092004626,1.818812704,1.557300388,1.87369279,2.460258851
1972:03,3.624590965,3.323817488,3.344660186,3.335364586,2.748980782,2.898812083,4.405214279,2.007958693,3.78562876,4.65575898,2.092004626,6.192640209,1.488512532,3.297433359,4.12719919,2.898812083,4.315990944,2.451158634,3.406616917,4.683924488,#N/A,#N/A,#N/A,#N/A,#N/A,2.173109215,2.39506859,2.776396888,3.348967302,3.675805303
1972:04,3.043712417,3.452126601,3.296427945,3.597013917,3.587089643,2.093572425,2.316046084,3.110344429,2.120684169,3.890843106,2.173109215,2.092004626,6.192640209,1.488512532,3.297433359,2.093572425,2.21974381,2.948340891,1.31892864,3.540649332,#N/A,#N/A,#N/A,#N/A,#N/A,2.710052847,2.8055437,3.357202983,4.019886992,4.611678735
1973:01,4.700209577,4.135962984,3.700142437,3.82209748,3.843078907,3.166072509,2.947173132,3.272695681,3.910551161,2.212290904,2.710052847,2.173109215,2.092004626,6.192640209,1.488512532,3.166072509,2.917318749,3.124833465,4.11050071,1.925815879,#N/A,#N/A,#N/A,#N/A,#N/A,5.969359866,6.081250834,5.525321489,5.525321489,5.178578929
1973:02,4.629817412,3.538278462,3.265038522,3.528675186,3.102113931,3.930487681,2.672744894,2.4237459,2.674563762,4.231231411,5.969359866,2.710052847,2.173109215,2.092004626,6.192640209,3.930487681,2.895317791,2.604233799,1.905410626,5.125169049,#N/A,#N/A,#N/A,#N/A,#N/A,6.740435809,7.230793402,7.22785968,7.22785968,6.790402786
1973:03,4.477417305,4.303358072,3.780814423,3.511994283,3.770632614,4.180573199,3.44967805,2.672804326,2.415518261,2.8276286,6.740435809,5.969359866,2.710052847,2.173109215,2.092004626,4.180573199,3.587811419,2.392925867,2.182415646,2.288736252,#N/A,#N/A,#N/A,#N/A,#N/A,6.666699738,6.982624233,8.292831798,7.421135264,7.850078652
1973:04,6.334707616,4.958287362,3.449104391,3.745416386,3.888903752,6.387383228,4.776858217,3.263322594,2.729608126,2.347390152,6.666699738,6.740435809,5.969359866,2.710052847,2.173109215,6.387383228,5.108146797,3.591027101,2.596748476,2.313050218,#N/A,#N/A,#N/A,#N/A,#N/A,7.913298777,8.792453716,8.611623139,8.826360669,7.114603363
1974:01,7.813999315,5.970471681,3.982172354,3.953398026,3.979616607,7.288617453,6.075969586,5.260247406,4.19812983,2.817194265,7.913298777,6.666699738,6.740435809,5.969359866,2.710052847,7.288617453,5.733737515,4.915664879,5.053038233,2.685432681,#N/A,#N/A,#N/A,#N/A,#N/A,10.81176492,12.33939587,12.33939587,9.535910674,8.355195789
1974:02,8.112664872,6.617794197,5.621652576,3.942923483,3.386220707,10.34331437,7.150778288,5.815872499,5.95957323,3.900628029,10.81176492,7.913298777,6.666699738,6.740435809,5.969359866,10.34331437,7.139008692,6.286409834,5.778959046,4.793019324,#N/A,#N/A,#N/A,#N/A,#N/A,8.775677953,9.344725798,9.344725798,11.44833594,9.190685009
1974:03,8.390628301,6.678847454,5.998362167,5.030476073,3.521677201,10.23722996,10.58432978,6.894052292,5.57917111,5.323927254,8.775677953,10.81176492,7.913298777,6.666699738,6.740435809,10.23722996,10.18900331,7.286154634,6.317233063,5.641904323,#N/A,#N/A,#N/A,#N/A,#N/A,11.48091396,11.87908346,12.52234704,12.40798205,12.90256239
1974:04,10.6319419,8.093915035,6.320275408,4.907074146,4.841598707,10.93531006,9.728357872,10.62200449,6.695538743,5.369567373,11.48091396,8.775677953,10.81176492,7.913298777,6.666699738,10.93531006,10.66465724,10.13389729,6.906617497,5.605827155,#N/A,#N/A,#N/A,#N/A,#N/A,13.690989,14.44637501,13.34625248,12.68300934,12.68962627
1975:01,9.072097662,9.020148782,6.72039351,5.97745232,5.094533691,13.51908006,11.50344112,9.990844758,10.71695171,6.501101708,13.690989,11.48091396,8.775677953,10.81176492,7.913298777,13.51908006,11.48081628,8.984685426,9.770347425,6.655323301,#N/A,#N/A,#N/A,#N/A,#N/A,7.961448125,8.442146619,10.04977888,10.8057048,9.371746489
1975:02,6.318630197,8.402251001,7.878657112,7.085186699,3.503319446,12.16067842,14.5821511,11.61452104,9.950136475,10.79477178,7.961448125,13.690989,11.48091396,8.775677953,10.81176492,12.16067842,14.51386253,12.26093451,8.733391016,9.010304644,#N/A,#N/A,#N/A,#N/A,#N/A,5.151943333,5.086549766,4.485422181,5.742104688,5.923100458
1975:03,6.23077622,5.993370378,7.543935062,7.266782183,#N/A,6.850004599,11.05855666,15.57138272,11.91868471,10.02738738,5.151943333,7.961448125,13.690989,11.48091396,8.775677953,6.850004599,12.30099607,14.76469094,12.01807095,8.703106234,#N/A,#N/A,#N/A,#N/A,#N/A,5.035781217,7.142397279,6.965090765,7.311356865,7.256443542
1975:04,6.714847013,6.135234897,5.904917561,6.734989249,6.574993198,4.931065832,4.966745114,9.026823217,16.40703832,12.14690965,5.035781217,5.151943333,7.961448125,13.690989,11.48091396,4.931065832,7.168662054,8.625844718,15.7880966,12.09136996,#N/A,#N/A,#N/A,#N/A,#N/A,6.471984906,6.811515441,7.05023945,6.265443288,6.847308971
1976:01,5.690299354,5.940339932,5.382393336,5.3794985,6.29564071,5.567029802,4.842401915,3.986921885,12.04449258,17.43420162,6.471984906,5.035781217,5.151943333,7.961448125,13.690989,5.567029802,4.868542144,5.37299599,12.59689191,15.6883452,#N/A,#N/A,#N/A,#N/A,#N/A,3.719246143,3.165581612,4.073085676,3.919524827,4.455962888
1976:02,5.313433922,6.248151082,6.398016214,5.74476862,5.091832076,4.585125589,5.909736553,4.767328992,4.84137592,8.324276888,3.719246143,6.471984906,5.035781217,5.151943333,7.961448125,4.585125589,6.40960527,4.908316406,5.494830425,9.135423935,#N/A,#N/A,#N/A,#N/A,#N/A,4.727350759,5.179132523,4.952448841,4.708711661,4.046399881
1976:03,5.532916254,5.873992551,6.152080423,6.297320122,6.522498167,5.119045734,5.561803356,6.054507012,4.703763744,4.237175439,4.727350759,3.719246143,6.471984906,5.035781217,5.151943333,5.119045734,5.316203743,6.009854278,5.110931562,5.53427126,#N/A,#N/A,#N/A,#N/A,#N/A,4.39332944,4.417878437,4.564503004,4.530994004,5.198825135
1976:04,5.3109445,5.922098999,6.100489955,6.058918601,6.199743701,4.455058531,3.742914954,5.042622468,5.83059583,4.6499422,4.39332944,4.727350759,3.719246143,6.471984906,5.035781217,4.455058531,4.255875648,4.111105232,5.879598753,5.261796318,#N/A,#N/A,#N/A,#N/A,#N/A,6.225527593,5.764138773,5.446564607,5.709449284,6.970222597
1977:01,5.384002925,5.853234147,5.835721717,5.855430592,6.273810168,5.985868321,4.505277551,4.445541757,4.824088805,5.762942705,6.225527593,4.39332944,4.727350759,3.719246143,6.471984906,5.985868321,4.777363718,4.800631135,4.181369787,6.140214846,#N/A,#N/A,#N/A,#N/A,#N/A,5.790607148,5.29837868,5.984632078,6.035180288,6.628757612
1977:02,6.521251199,5.463038702,5.467073869,5.902497783,5.770972833,5.620514953,5.79334121,4.546132679,4.701788791,5.088993663,5.790607148,6.225527593,4.39332944,4.727350759,3.719246143,5.620514953,5.450317845,4.546382254,4.800891984,4.251575201,#N/A,#N/A,#N/A,#N/A,#N/A,6.62792062,7.122576085,7.676581782,7.673663409,6.469386401
1977:03,5.820918316,6.118481347,5.538066827,5.840035352,6.561216735,6.205782617,5.481065865,5.6386771,4.579369916,4.200711362,6.62792062,5.790607148,6.225527593,4.39332944,4.727350759,6.205782617,5.629811325,5.835077317,4.603014262,4.790642833,#N/A,#N/A,#N/A,#N/A,#N/A,5.147727596,4.846267345,5.14330788,4.803259693,5.623523039
1977:04,6.034983368,6.618892569,6.46695475,6.05019295,5.756017835,5.141710689,6.154130426,5.366739348,5.51442973,4.606409703,5.147727596,6.62792062,5.790607148,6.225527593,4.39332944,5.141710689,6.237081476,5.544143471,5.653568687,4.641492545,#N/A,#N/A,#N/A,#N/A,#N/A,6.191708907,5.852817565,5.531941293,6.380563297,6.851645245
1978:01,6.239293609,5.945307501,5.932713702,6.074964126,5.525731822,5.765426213,5.136815046,6.044053091,5.273009425,5.414617247,6.191708907,5.147727596,6.62792062,5.790607148,6.225527593,5.765426213,5.182007773,6.180062011,5.421449941,5.593259712,#N/A,#N/A,#N/A,#N/A,#N/A,7.090681105,7.201802736,6.321763747,6.321763747,6.711737719
1978:02,7.136364162,6.286326927,5.858257015,5.561973909,6.411388329,6.6088202,5.798290281,5.132831717,5.959910614,5.196165497,7.090681105,6.191708907,5.147727596,6.62792062,5.790607148,6.6088202,5.93581665,5.17568652,5.965930944,5.359404251,#N/A,#N/A,#N/A,#N/A,#N/A,10.02286261,10.99268695,10.65849427,10.65849427,8.227831243
1978:03,7.641690576,6.448475476,6.048510208,6.054750949,5.485712656,9.256106569,6.541439044,5.723503877,5.129590691,5.883067838,10.02286261,7.090681105,6.191708907,5.147727596,6.62792062,9.256106569,6.621618957,5.91512854,5.158291129,5.8541486,#N/A,#N/A,#N/A,#N/A,#N/A,7.004573248,6.895074914,7.187581581,7.698648757,7.251309592
1978:04,7.768665433,6.949336103,6.7612745,6.23545036,5.964491195,6.690357792,8.630513178,6.402030461,5.683757513,5.126953637,7.004573248,10.02286261,7.090681105,6.191708907,5.147727596,6.690357792,8.812367992,6.531315524,5.757143972,5.142000786,#N/A,#N/A,#N/A,#N/A,#N/A,8.127321681,8.14417546,8.669996749,9.799126125,8.141375042
1979:01,8.433205614,6.947147195,6.561694948,6.376773255,5.05220849,7.60646969,6.445903652,8.120093865,6.298087105,5.641969114,8.127321681,7.004573248,10.02286261,7.090681105,6.191708907,7.60646969,6.680047646,8.513691383,6.31505287,5.684176353,#N/A,#N/A,#N/A,#N/A,#N/A,8.69366997,9.346533444,9.346533444,8.422773284,7.679971256
1979:02,8.913747192,7.728483721,7.225291989,6.9854549,6.544523088,8.08566616,7.19617078,6.255722597,7.703644652,6.202889755,8.69366997,8.127321681,7.004573248,10.02286261,7.090681105,8.08566616,7.403073909,6.606749168,8.059475675,6.150040687,#N/A,#N/A,#N/A,#N/A,#N/A,9.847007244,9.256727558,9.256727558,7.82035559,10.01314312
1979:03,9.073855577,8.459061978,7.322583367,6.967190035,7.126484862,9.199559303,7.610707763,6.872959582,6.107765055,7.363865293,9.847007244,8.69366997,8.127321681,7.004573248,10.02286261,9.199559303,7.837837189,7.365131693,6.438499237,7.71806047,#N/A,#N/A,#N/A,#N/A,#N/A,8.406820291,8.555551794,7.832936091,7.832936091,8.622328752
1979:04,9.667676427,8.618545021,8.156664707,7.190992225,7.23132207,8.297274763,8.95791151,7.23968134,6.618351355,5.99265667,8.406820291,9.847007244,8.69366997,8.127321681,7.004573248,8.297274763,8.845392078,7.668548401,7.101636975,6.300554094,#N/A,#N/A,#N/A,#N/A,#N/A,8.715605794,8.336845021,8.121426743,8.121426743,7.49993624
1980:01,9.95921449,8.193577381,7.69350463,7.371922441,7.0640455,8.285252477,8.012983572,8.647518022,6.949844151,6.417784821,8.715605794,8.406820291,9.847007244,8.69366997,8.127321681,8.285252477,7.78270163,8.489174816,7.455106633,6.863887603,#N/A,#N/A,#N/A,#N/A,#N/A,9.537113496,9.472602511,9.288509479,10.51522215,9.031459139
1980:02,9.980701345,8.98333786,8.516077449,8.765324725,7.726570618,8.774918804,8.079518174,7.821965578,8.404553337,6.723430099,9.537113496,8.715605794,8.406820291,9.847007244,8.69366997,8.774918804,7.992417094,7.596492914,8.116109829,7.17772147,#N/A,#N/A,#N/A,#N/A,#N/A,10.41794786,10.73980568,9.790179871,10.14645903,9.839052222
1980:03,8.176794568,9.737891617,9.024889948,8.338637011,7.032115005,9.648711589,8.624235047,7.855823084,7.638661451,8.182367286,10.41794786,9.537113496,8.715605794,8.406820291,9.847007244,9.648711589,8.609814814,7.778890157,7.353161333,7.760511534,#N/A,#N/A,#N/A,#N/A,#N/A,9.065934222,9.205439476,9.205439476,9.568140085,9.223720096
1980:04,9.858201175,9.648274318,8.340724561,7.894747177,7.701942653,8.514321699,9.384401087,8.345836953,7.677435171,7.484095197,9.065934222,10.41794786,9.537113496,8.715605794,8.406820291,8.514321699,9.320593961,8.321918204,7.555399205,7.103346998,#N/A,#N/A,#N/A,#N/A,#N/A,11.14822389,10.73869316,10.73869316,10.49884241,11.02971504
1981:01,9.331573517,10.19449746,8.507195969,8.39798733,8.883638987,9.859642165,8.084636603,9.050589472,8.144269691,7.520432161,11.14822389,9.065934222,10.41794786,9.537113496,8.715605794,9.859642165,8.387972735,8.940621009,8.033672197,7.259853901,#N/A,#N/A,#N/A,#N/A,#N/A,7.837121461,9.781130718,10.86211749,10.55080735,11.029974
1981:02,9.491130574,9.573628835,8.93741643,9.000375396,8.895678809,8.336662746,9.635089416,7.749928318,8.786072542,7.95621898,7.837121461,11.14822389,9.065934222,10.41794786,9.537113496,8.336662746,9.634238269,8.17270331,8.574017939,7.681100358,#N/A,#N/A,#N/A,#N/A,#N/A,6.010480378,6.351842763,6.830646844,5.885547828,7.730986902
1981:03,7.746769635,8.493454026,9.461130502,8.742194298,8.583726761,6.109227239,7.864421832,9.184208081,7.489203343,8.548843026,6.010480378,7.837121461,11.14822389,9.065934222,10.41794786,6.109227239,7.420443653,9.360337475,7.927067786,8.142756219,#N/A,#N/A,#N/A,#N/A,#N/A,9.392519184,9.858603682,8.958938369,9.407528571,8.000107359
1981:04,8.660916198,8.470017463,8.969127353,8.917404379,9.621926838,8.071362537,6.18029479,7.737910353,8.876790449,7.286108542,9.392519184,6.010480378,7.837121461,11.14822389,9.065934222,8.071362537,6.192237192,7.359923061,8.883075235,7.629437466,#N/A,#N/A,#N/A,#N/A,#N/A,8.374292471,9.511031521,8.756094304,8.984227989,6.777753367
1982:01,6.989708399,7.627490551,6.807004196,8.135040402,8.300204859,8.444010249,8.14117029,6.231441699,7.549238584,8.591835321,8.374292471,9.392519184,6.010480378,7.837121461,11.14822389,8.444010249,8.397988805,6.28482935,7.2342488,8.544053729,#N/A,#N/A,#N/A,#N/A,#N/A,3.607006179,4.305105528,4.303292489,4.623569145,5.853605489
1982:02,5.04570257,6.352867744,7.484823642,6.693141547,9.119801562,4.612123692,8.096516203,7.845431541,6.268251837,7.415415742,3.607006179,8.374292471,9.392519184,6.010480378,7.837121461,4.612123692,7.813677524,8.272772071,6.343737584,7.150113113,#N/A,#N/A,#N/A,#N/A,#N/A,5.353898499,4.595837877,5.620043075,5.586320542,5.423089788
1982:03,5.941943931,5.899178943,7.068166425,7.143650217,9.26357897,5.841837707,5.278022289,7.93246656,7.707332839,6.294743883,5.353898499,3.607006179,8.374292471,9.392519184,6.010480378,5.841837707,6.761783487,7.707909473,8.012519288,6.392163403,#N/A,#N/A,#N/A,#N/A,#N/A,5.40742852,4.999944638,3.696827861,3.439572098,5.666319897
1982:04,4.679860923,6.054482265,6.620811495,7.246700185,7.820361947,5.836919061,6.165829594,5.719185572,7.756599473,7.560216697,5.40742852,5.353898499,3.607006179,8.374292471,9.392519184,5.836919061,5.663495372,5.012467229,7.531127057,7.824102981,#N/A,#N/A,#N/A,#N/A,#N/A,4.331109114,3.703756951,3.859668531,3.409463352,4.11272563
1983:01,4.340385081,5.609299058,5.96423046,6.413554726,7.414146051,5.073949932,6.128388002,6.380960375,6.011459865,7.622001417,4.331109114,5.40742852,5.353898499,3.607006179,8.374292471,5.073949932,5.774220661,6.078012961,5.433377167,7.449924812,#N/A,#N/A,#N/A,#N/A,#N/A,5.835365954,5.498800034,5.009099854,5.009099854,3.232178154
1983:02,4.187919475,4.584885857,5.14304539,5.876629175,6.019131304,6.118036136,5.581965034,6.32619013,6.523807325,6.205093981,5.835365954,4.331109114,5.40742852,5.353898499,3.607006179,6.118036136,5.572345223,6.111843209,6.265279826,5.717036656,#N/A,#N/A,#N/A,#N/A,#N/A,4.46824169,3.243408127,2.644976635,2.644976635,3.003144176
1983:03,3.769617448,4.335930825,5.013823213,5.653668794,5.600905046,5.135464321,6.309275848,5.929387171,6.460426327,6.618657774,4.46824169,5.835365954,4.331109114,5.40742852,5.353898499,5.135464321,5.741613946,5.555236829,6.285045257,6.409788002,#N/A,#N/A,#N/A,#N/A,#N/A,3.45503637,3.586107053,3.066891657,3.188741674,4.316781415
1983:04,4.319646424,4.68415312,4.668846902,5.619259989,5.954656105,4.89972051,5.909420379,6.438658535,6.166982747,6.551524217,3.45503637,4.46824169,5.835365954,4.331109114,5.40742852,4.89972051,5.573379605,6.258784493,5.91977567,6.447407797,#N/A,#N/A,#N/A,#N/A,#N/A,3.914408753,3.89386792,4.37341485,4.838839373,3.02883423
1984:01,4.655806669,5.791563368,5.00715786,4.990963298,4.789580585,3.945818705,4.532558916,5.664707735,6.526192025,6.329469969,3.914408753,3.45503637,4.46824169,5.835365954,4.331109114,3.945818705,4.492655602,5.513310884,6.424924713,6.220749865,#N/A,#N/A,#N/A,#N/A,#N/A,4.113816478,4.423798983,4.423798983,4.621228784,3.999077858
1984:02,4.234171684,4.695882519,5.333404767,4.758902714,5.301722531,4.776743367,4.643020047,5.090710669,6.059016479,6.585412561,4.113816478,3.914408753,3.45503637,4.46824169,5.835365954,4.776743367,4.710444576,4.934863066,5.981377914,6.539406975,#N/A,#N/A,#N/A,#N/A,#N/A,3.185072366,3.345015172,3.345015172,3.016840231,3.644151637
1984:03,3.832559481,5.490731633,4.456401347,5.819330876,5.348489667,4.514623978,5.188116241,5.061521707,5.802935816,6.350692944,3.185072366,4.113816478,3.914408753,3.45503637,4.46824169,4.514623978,4.867585092,5.132255871,5.839183702,6.232524834,#N/A,#N/A,#N/A,#N/A,#N/A,3.588666727,3.956474284,3.818720697,3.672421814,3.65807877
1984:04,3.979616607,4.0714207,5.232385168,5.416398038,5.187932066,4.273643984,4.848522829,5.474256334,5.294779126,5.757521326,3.588666727,3.185072366,4.113816478,3.914408753,3.45503637,4.273643984,5.514666161,5.240979707,5.72070742,6.192525015,#N/A,#N/A,#N/A,#N/A,#N/A,2.401177239,2.75756796,3.680392337,3.379086787,2.830660049
1985:01,3.58869861,4.30432268,4.759477904,5.164837673,5.344049809,3.213241223,4.324281493,4.733660026,5.835133567,5.686862055,2.401177239,3.588666727,3.185072366,4.113816478,3.914408753,3.213241223,4.796432423,5.190427805,6.48185692,6.375962923,#N/A,#N/A,#N/A,#N/A,#N/A,5.248389618,5.359467665,3.624676321,3.417154164,4.153342945
1985:02,3.539482548,3.466731887,4.619415869,4.793831791,5.637404617,5.28269784,3.978689216,4.764657457,5.471568654,6.039769182,5.248389618,2.401177239,3.588666727,3.185072366,4.113816478,5.28269784,3.975073482,4.914723381,6.108616076,6.310556003,#N/A,#N/A,#N/A,#N/A,#N/A,2.788713174,2.598644029,3.398851661,3.316936692,2.389693183
1985:03,3.514605116,4.131782194,3.794396292,4.566685627,5.363231627,3.638891095,5.064405854,3.86352768,5.197523885,5.661766829,2.788713174,5.248389618,2.401177239,3.588666727,3.185072366,3.638891095,5.182115072,3.985205698,6.294182045,6.8870234,#N/A,#N/A,#N/A,#N/A,#N/A,3.323285764,2.690786307,2.547668584,2.884404663,2.682893505
1985:04,3.493122452,3.66055192,4.354769092,5.005082024,4.162500813,4.622035181,4.824397629,6.015137836,4.523518382,5.34387406,3.323285764,2.788713174,5.248389618,2.401177239,3.588666727,4.622035181,4.819729349,6.268268605,4.835207137,6.53229659,#N/A,#N/A,#N/A,#N/A,#N/A,3.487376832,3.513012983,3.653805539,3.106766828,2.092164347
1986:01,3.587089643,3.989970951,4.153497326,4.746189989,3.71250546,4.027672028,4.045840753,4.206774662,5.952067431,4.953859838,3.487376832,3.323285764,2.788713174,5.248389618,2.401177239,4.027672028,4.343824706,4.193741805,6.526635074,5.817204487,#N/A,#N/A,#N/A,#N/A,#N/A,2.495977063,2.306293624,1.562510969,0.83459393,1.992685777
1986:02,1.770652006,2.478855444,3.255249886,4.459013532,4.084584522,3.496986694,4.501126514,4.726352157,4.880058929,5.948078938,2.495977063,3.487376832,3.323285764,2.788713174,5.248389618,3.496986694,4.754246806,4.531554096,5.152315168,6.59411998,#N/A,#N/A,#N/A,#N/A,#N/A,2.129700389,1.954364789,2.954068427,3.482372593,1.411220853
1986:03,2.120067673,2.831683476,3.891631389,4.091547095,4.582333023,2.853776425,3.806139642,4.882799328,5.254213293,5.344890696,2.129700389,2.495977063,3.487376832,3.323285764,2.788713174,2.853776425,3.918276697,4.521076551,5.069183677,6.463860039,#N/A,#N/A,#N/A,#N/A,#N/A,3.25027917,3.526826089,3.759742737,4.806800685,1.909981936
1986:04,2.457103581,1.755113897,3.167375472,4.209955254,4.564904153,3.440201426,3.210057149,4.226124406,5.198461403,5.192069145,3.25027917,2.129700389,2.495977063,3.487376832,3.323285764,3.440201426,3.451349955,4.309398732,5.070175551,5.507399869,#N/A,#N/A,#N/A,#N/A,#N/A,0.875978607,0.645178032,0.628653336,1.959097967,2.396772689
1987:01,2.804387462,2.971176691,3.161812201,3.319221003,2.763222545,2.463674323,3.884777659,3.603916426,4.537407803,5.457445761,0.875978607,3.25027917,2.129700389,2.495977063,3.487376832,2.463674323,3.547296145,3.525761719,4.452511278,5.526222865,#N/A,#N/A,#N/A,#N/A,#N/A,3.335808795,4.010693503,3.612404573,3.220510534,2.338935163
1987:02,4.195239062,3.313433054,2.77400108,2.960827802,3.291906844,2.96073576,2.537114778,4.184847082,3.919617172,4.815216012,3.335808795,0.875978607,3.25027917,2.129700389,2.495977063,2.96073576,2.407230013,3.777622286,4.030809506,4.995939227,#N/A,#N/A,#N/A,#N/A,#N/A,3.963075936,3.737917147,3.514754524,3.666874089,2.744548764
1987:03,3.807452134,3.800874828,3.636781754,3.452424529,2.589980388,4.441816397,3.591083516,3.053253585,4.469783149,4.201850249,3.963075936,3.335808795,0.875978607,3.25027917,2.129700389,4.441816397,3.459627298,3.078679689,4.540837938,4.570836545,#N/A,#N/A,#N/A,#N/A,#N/A,2.233957188,2.820301484,3.05025986,2.942494254,3.121814508
1987:04,3.439068462,4.119636352,4.112577947,3.952265921,3.249682685,3.318896047,4.683570974,3.809715895,3.357494231,4.708552131,2.233957188,3.963075936,3.335808795,0.875978607,3.25027917,3.318896047,3.947762098,3.393524404,2.998355548,4.981952247,#N/A,#N/A,#N/A,#N/A,#N/A,2.452662222,2.687376624,2.315667062,2.18535286,3.033275565
1988:01,3.239985762,3.409755105,4.250209538,4.070730217,3.913601432,3.107351187,3.482370214,4.948636189,4.119905693,3.678587728,2.452662222,2.233957188,3.963075936,3.335808795,0.875978607,3.107351187,3.595834848,4.645514302,4.445656518,3.639031244,#N/A,#N/A,#N/A,#N/A,#N/A,2.405780247,1.915712195,2.357389126,2.532902171,3.131126615
1988:02,3.56426091,3.385228791,3.380937195,4.205529569,3.689342179,2.999530264,3.357387624,3.883697084,5.15873744,4.351755633,2.405780247,2.452662222,2.233957188,3.963075936,3.335808795,2.999530264,3.419603557,3.799423535,4.883040243,4.759869503,#N/A,#N/A,#N/A,#N/A,#N/A,3.950249843,5.5364458,4.756935181,4.522623745,4.05422859
1988:03,4.381994569,3.703314052,4.038199854,3.692437922,3.992856726,3.609224806,3.240916061,3.689853978,4.150903967,5.346157403,3.950249843,2.405780247,2.452662222,2.233957188,3.963075936,3.609224806,3.197496588,3.597277547,3.739691051,5.137497972,#N/A,#N/A,#N/A,#N/A,#N/A,4.09810007,4.688190937,4.146862672,4.582463948,4.986031734
1988:04,4.320114453,3.996180531,4.517178894,3.997844509,3.996180531,4.809930095,4.019530396,3.553906451,3.946993544,4.41281819,4.09810007,3.950249843,2.405780247,2.452662222,2.233957188,4.809930095,3.473629436,3.405565876,3.878663807,4.165743925,#N/A,#N/A,#N/A,#N/A,#N/A,4.67343849,5.059724877,4.749194097,4.829578808,3.735651817
1989:01,4.266947653,4.608305933,4.124024742,3.963189414,3.624016914,4.844552615,4.739216097,4.146364212,3.799412862,4.187325155,4.67343849,4.09810007,3.950249843,2.405780247,2.452662222,4.844552615,4.840924188,3.5651179,3.768652848,4.212562915,#N/A,#N/A,#N/A,#N/A,#N/A,3.937857168,3.983428934,3.737020553,3.737020553,3.900134442
1989:02,4.879146404,3.892491981,4.555827545,4.580043103,3.592947358,4.555209263,4.931147738,4.922031245,4.337459285,4.029497229,3.937857168,4.67343849,4.09810007,3.950249843,2.405780247,4.555209263,4.886931568,4.966916562,4.540614492,4.133997936,#N/A,#N/A,#N/A,#N/A,#N/A,4.798083577,4.473677342,4.135114096,4.135114096,4.400823285
1989:03,4.19129457,4.493688483,5.164406616,4.832002588,4.035823432,4.703554448,4.561888229,5.027397256,4.996157883,4.480662426,4.798083577,3.937857168,4.67343849,4.09810007,3.950249843,4.703554448,4.641285576,4.867727876,4.60984627,4.868640002,#N/A,#N/A,#N/A,#N/A,#N/A,3.035389629,3.169349916,3.318513336,3.448864779,3.002337882
1989:04,3.839566022,4.472159761,4.121540833,4.450836309,3.484823499,3.810761973,4.871285955,4.747841701,5.103964205,5.091559103,3.035389629,4.798083577,3.937857168,4.67343849,4.09810007,3.810761973,4.702771326,4.748910967,4.974292651,4.830508862,#N/A,#N/A,#N/A,#N/A,#N/A,3.790093813,3.442305892,3.5764628,3.657638372,2.754524347
1990:01,4.124809757,4.124809757,4.102035569,5.038395057,4.721746468,3.727355484,3.698392392,4.941406521,4.851609537,5.172906585,3.790093813,3.035389629,4.798083577,3.937857168,4.67343849,3.727355484,3.740312357,4.623711726,4.519422271,5.062582775,#N/A,#N/A,#N/A,#N/A,#N/A,5.570096613,4.894372167,4.894372167,4.755305599,4.430451266
1990:02,4.069933796,3.764296782,3.764296782,3.74374729,4.659421645,4.660200611,3.925655649,3.908822236,5.027134458,4.963324665,5.570096613,3.790093813,3.035389629,4.798083577,3.937857168,4.660200611,3.848027431,4.104166446,5.024413036,4.707555767,#N/A,#N/A,#N/A,#N/A,#N/A,4.516869349,4.694493174,4.694493174,4.784629498,4.553284543
1990:03,4.347197748,3.714777019,4.044611845,4.36073653,4.96800906,4.733304708,5.043505895,3.992906137,3.973516628,5.095211424,4.516869349,5.570096613,3.790093813,3.035389629,4.798083577,4.733304708,4.873162655,3.854301225,3.770719862,5.005237525,#N/A,#N/A,#N/A,#N/A,#N/A,3.472648627,3.845612099,4.611656005,4.408620564,3.501659318
1990:04,4.776667654,4.612860383,3.991835128,3.691921604,3.689084435,4.075844899,4.672756002,4.876980734,4.095950174,4.077298224,3.472648627,4.516869349,5.570096613,3.790093813,3.035389629,4.075844899,4.668504805,4.544492234,4.23180148,4.155687852,#N/A,#N/A,#N/A,#N/A,#N/A,2.496946103,2.547486584,3.062893511,4.22715084,3.093265015
1991:01,4.274211733,4.720308766,4.56027882,4.570699029,4.588172254,3.202513698,3.931515652,4.736624564,4.944849575,4.167383438,2.496946103,3.472648627,4.516869349,5.570096613,3.790093813,3.202513698,4.049642566,4.64430654,5.283679088,4.172110673,#N/A,#N/A,#N/A,#N/A,#N/A,5.523276503,5.154178712,4.959167082,4.959167082,3.942030534
1991:02,3.3017871,3.922585349,4.359449062,3.899058226,2.996047652,4.24887162,3.116600557,4.080048773,4.740289368,4.913342273,5.523276503,2.496946103,3.472648627,4.516869349,5.570096613,4.24887162,3.241591248,4.083334858,4.630735113,4.893543594,#N/A,#N/A,#N/A,#N/A,#N/A,4.16192271,4.521676777,3.4702605,3.242887497,2.914006832
1991:03,3.272322655,3.576399955,3.88449654,4.010647855,4.465266598,4.686691939,4.879622938,3.313603201,4.101919453,4.769015973,4.16192271,5.523276503,2.496946103,3.472648627,4.516869349,4.686691939,4.640975049,3.333537787,3.945768774,4.743614115,#N/A,#N/A,#N/A,#N/A,#N/A,1.813767468,2.19506759,2.72233136,2.895689455,3.10506734
1991:04,2.655702126,3.245771758,3.245771758,2.949654902,3.97083853,3.504503531,4.521789809,4.649784889,3.389769496,4.167407334,1.813767468,4.16192271,5.523276503,2.496946103,3.472648627,3.504503531,4.593747154,4.239878142,3.226573446,4.294595036,#N/A,#N/A,#N/A,#N/A,#N/A,1.632273783,1.709888287,2.275944322,2.578908927,2.345869698
1992:01,2.901270362,3.231470236,3.219648216,3.219648216,3.224366629,2.012519492,3.245509152,4.662446113,4.802578287,3.498547793,1.632273783,1.813767468,4.16192271,5.523276503,2.496946103,2.012519492,3.160620466,4.59662061,5.34698097,3.61608241,#N/A,#N/A,#N/A,#N/A,#N/A,2.903529992,3.145427231,3.145427231,3.849811486,1.611234334
1992:02,2.999490076,2.997425237,2.911018174,3.78277877,3.48804618,2.280519558,1.858487871,3.164762987,4.660402209,4.779634135,2.903529992,1.632273783,1.813767468,4.16192271,5.523276503,2.280519558,2.008871002,3.247446248,4.355759064,4.526722974,#N/A,#N/A,#N/A,#N/A,#N/A,2.290278124,2.728964268,2.804609927,2.706495111,2.408254878
1992:03,2.401410361,2.765502559,2.954625386,3.182392256,3.164085721,2.687057558,2.531999805,1.932596637,3.363265948,4.718106727,2.290278124,2.903529992,1.632273783,1.813767468,4.16192271,2.687057558,2.527087892,2.202369455,2.542168097,4.443437013,#N/A,#N/A,#N/A,#N/A,#N/A,1.773945143,1.791080494,1.176234578,1.361738099,1.927395
1992:04,2.666520477,2.753677274,3.021189335,3.143443464,3.447960996,2.535740244,2.750495629,2.697374504,2.048965193,3.372839017,1.773945143,2.290278124,2.903529992,1.632273783,1.813767468,2.535740244,2.8454909,3.205138068,2.490128788,2.860411355,#N/A,#N/A,#N/A,#N/A,#N/A,1.837965748,2.2750329,3.289408561,2.682173676,2.848120161
1993:01,2.799669827,2.648863306,3.046245983,3.504781021,3.906547006,2.008328073,2.296960236,2.657648253,2.597691256,2.044827132,1.837965748,1.773945143,2.290278124,2.903529992,1.632273783,2.008328073,2.285906221,2.706202291,3.071706388,2.801240686,#N/A,#N/A,#N/A,#N/A,#N/A,3.30255727,3.519332046,3.192408818,3.192408818,2.401510001
1993:02,2.69898584,2.500610365,2.631438428,2.697611341,3.139609065,2.611610484,1.903087117,2.305874794,2.810786161,2.751423794,3.30255727,1.837965748,1.773945143,2.290278124,2.903529992,2.611610484,1.783013599,2.265223818,2.878395245,3.602420864,#N/A,#N/A,#N/A,#N/A,#N/A,2.420656154,2.34303387,1.733992636,1.733992636,2.381217441
1993:03,2.61210744,2.542456995,2.898743342,2.703356618,2.666357315,2.997178948,2.955139917,2.006722431,2.47231572,2.815411644,2.420656154,3.30255727,1.837965748,1.773945143,2.290278124,2.997178948,2.949015647,2.229669309,2.438985246,3.160767608,#N/A,#N/A,#N/A,#N/A,#N/A,1.526486933,1.477237361,1.098528196,1.571679139,2.023885955
1993:04,2.595161215,2.923071976,2.923071976,2.976632027,2.84270506,2.341454472,3.12273817,3.060452147,2.04447241,2.423807483,1.526486933,2.420656154,3.30255727,1.837965748,1.773945143,2.341454472,3.315615483,3.447246794,2.440889519,2.71023633,#N/A,#N/A,#N/A,#N/A,#N/A,1.427948854,1.35554117,1.34769581,2.355149368,2.372882209
1994:01,2.799127137,2.578433441,3.228151329,2.576357619,2.745651087,1.76248079,2.13610828,2.860595537,2.931783712,2.06106134,1.427948854,1.526486933,2.420656154,3.30255727,1.837965748,1.76248079,2.03200042,2.722322972,3.538312172,2.67437744,#N/A,#N/A,#N/A,#N/A,#N/A,2.532046211,2.665317728,2.665317728,2.735553009,2.060307152
1994:02,2.699944701,2.682312809,2.885586479,3.202309502,2.982066076,1.967161776,1.642909462,2.061671374,3.140656894,3.087858743,2.532046211,1.427948854,1.526486933,2.420656154,3.30255727,1.967161776,1.592104702,1.985826456,2.884235095,3.683224588,#N/A,#N/A,#N/A,#N/A,#N/A,2.973828155,2.982008254,2.982008254,1.935115674,1.921814999
1994:03,2.890219507,2.746347332,2.487324439,2.998492577,2.855830096,2.420029914,1.912802544,1.647607259,2.184055616,3.105852243,2.973828155,2.532046211,1.427948854,1.526486933,2.420656154,2.420029914,2.001118848,1.797795293,2.22006392,2.974795983,#N/A,#N/A,#N/A,#N/A,#N/A,1.743919283,2.100714837,2.314272635,2.314272635,2.149997194
1994:04,2.878664719,3.111366945,2.855830096,2.920443101,2.870757789,2.338214144,2.62709641,2.150218247,1.721571845,2.161730647,1.743919283,2.973828155,2.532046211,1.427948854,1.526486933,2.338214144,2.839275194,2.652617097,2.082794371,2.350168943,#N/A,#N/A,#N/A,#N/A,#N/A,1.389130666,1.225069456,2.300960552,2.106702908,2.248051286
1995:01,2.864920338,3.179403044,2.927311528,2.835586459,2.962996184,2.099199512,2.458967473,2.711341602,2.063939493,1.719161358,1.389130666,1.743919283,2.973828155,2.532046211,1.427948854,2.099199512,2.479455374,3.684363627,2.805109551,2.248852148,#N/A,#N/A,#N/A,#N/A,#N/A,2.182908987,1.980644763,3.446310763,3.28279732,2.298593265
1995:02,2.851306572,2.525526855,2.994867105,3.144414924,3.132105045,2.064066721,2.0149181,2.242595303,2.619115574,2.055356699,2.182908987,1.389130666,1.743919283,2.973828155,2.532046211,2.064066721,1.92902017,2.083906294,3.103004401,2.940994068,#N/A,#N/A,#N/A,#N/A,#N/A,1.451284513,1.726399922,2.268340835,2.11134207,1.977732372
1995:03,2.501249401,2.831126784,2.826681114,3.130879356,3.023669102,1.636299433,1.90110543,1.889700211,2.35327131,2.655659096,1.451284513,2.182908987,1.389130666,1.743919283,2.973828155,1.636299433,1.861598933,1.790035534,2.236829839,3.125010055,#N/A,#N/A,#N/A,#N/A,#N/A,0.589265253,2.635153005,2.255550442,2.02468271,1.803844718
1995:04,2.049866135,2.498361215,2.811230611,2.964496115,3.106565444,1.380364616,1.831165901,2.096917234,2.033807974,2.396896133,0.589265253,1.451284513,2.182908987,1.389130666,1.743919283,1.380364616,1.925928498,2.191781099,1.997126501,2.317113843,#N/A,#N/A,#N/A,#N/A,#N/A,#N/A,2.242903476,2.092995824,2.127287369,1.902789754
1996:01,2.498652793,2.338922356,2.523731865,3.105359656,3.256179608,#N/A,1.390227213,1.791406161,2.120249169,2.048273773,#N/A,0.589265253,1.451284513,2.182908987,1.389130666,#N/A,1.540540706,1.859245957,2.535760645,2.096573244,#N/A,#N/A,#N/A,#N/A,#N/A,2.605726735,2.232472167,2.79117926,2.23455066,1.854522661
1996:02,2.588862928,2.261269425,2.31120724,2.789449173,2.997316593,2.592294151,#N/A,1.658787344,1.86220815,2.111997443,2.605726735,#N/A,0.589265253,1.451284513,2.182908987,2.592294151,#N/A,1.296795444,2.045274335,2.63003257,#N/A,#N/A,#N/A,#N/A,#N/A,2.220081959,2.220081959,1.878661208,1.403098666,1.645178382
1996:03,2.579324104,2.386858516,2.252263287,2.319766249,2.45953159,2.330664457,2.618257348,#N/A,1.794105895,1.93867432,2.220081959,2.605726735,#N/A,0.589265253,1.451284513,2.330664457,2.628797888,#N/A,1.583088643,2.168864911,#N/A,#N/A,#N/A,#N/A,#N/A,1.837342886,2.207828517,2.68453801,1.80565712,1.95517615
1996:04,2.197720164,2.193702692,2.398480607,2.530999599,2.432061007,2.357820686,2.476290477,2.744895931,#N/A,1.950155875,1.837342886,2.220081959,2.605726735,#N/A,0.589265253,2.357820686,2.459097166,2.705622727,#N/A,1.67692795,#N/A,#N/A,#N/A,#N/A,#N/A,1.827271175,1.901400313,1.857450961,1.613018523,1.702299754
1997:01,2.185711649,2.553451131,2.916855374,2.752614175,2.405077186,2.356202874,2.472461414,2.522919831,2.773808708,#N/A,1.827271175,1.837342886,2.220081959,2.605726735,#N/A,2.356202874,2.474213987,2.537002764,2.827710293,#N/A,#N/A,#N/A,#N/A,#N/A,#N/A,2.737942472,2.470813816,2.787034058,2.787034058,1.805181404
1997:02,2.207562193,2.539556176,2.537255038,2.530376577,2.471573298,2.656635315,2.468671994,2.422792746,2.586434377,2.801274422,2.737942472,1.827271175,1.837342886,2.220081959,2.605726735,2.656635315,2.475124278,2.421826924,2.628874155,2.78748845,#N/A,#N/A,#N/A,#N/A,#N/A,1.402919357,1.765007622,1.741455693,1.551360841,2.005551138
1997:03,2.001114646,2.35882453,2.523535309,2.566714476,2.380388741,1.862367934,2.469727567,2.429210839,2.580670627,2.655095501,1.402919357,2.737942472,1.827271175,1.837342886,2.220081959,1.862367934,2.450209833,2.429419012,2.488843522,2.565713286,#N/A,#N/A,#N/A,#N/A,#N/A,1.39676446,1.432770235,1.15345298,1.187165478,1.194863918
1997:04,1.931102075,2.409541338,2.583552318,2.551111698,2.602753322,2.115220541,2.336248413,2.682201442,2.585995136,2.657506169,1.39676446,1.402919357,2.737942472,1.827271175,1.837342886,2.115220541,2.343987321,2.641206485,2.52729261,2.592741721,#N/A,#N/A,#N/A,#N/A,#N/A,1.535343508,1.427656556,1.150136443,1.299003799,1.440601619
1998:01,1.99889598,2.269954053,2.384343046,2.416100001,2.698561268,1.854359748,2.217974259,2.132688437,2.779441095,2.660142813,1.535343508,1.39676446,1.402919357,2.737942472,1.827271175,1.854359748,2.231430088,2.267565534,2.865695846,2.639370905,#N/A,#N/A,#N/A,#N/A,#N/A,0.922961582,0.859209243,0.859209243,1.018600992,0.407026038
1998:02,1.501364673,2.049687823,2.27501225,2.548770394,2.333809799,1.30123317,1.880056372,2.082202121,2.18993501,2.734027867,0.922961582,1.535343508,1.39676446,1.402919357,2.737942472,1.30123317,1.919988578,2.066945676,2.239469712,2.758406628,#N/A,#N/A,#N/A,#N/A,#N/A,0.857367608,0.857367608,1.137522275,1.133742283,1.040387027
1998:03,1.188524533,1.937384237,1.978819659,2.423913457,2.477610113,1.070981418,1.509125138,1.908138696,2.269545963,2.397438801,0.857367608,0.922961582,1.535343508,1.39676446,1.402919357,1.070981418,1.532269672,1.940744843,2.242859544,2.793903857,#N/A,#N/A,#N/A,#N/A,#N/A,0.819777402,0.998654763,1.409531915,1.483335672,1.559550151
1998:04,1.413459191,1.741953929,2.063014822,2.190236698,2.218514116,0.879772945,1.062112952,1.406619338,2.041544359,2.401682357,0.819777402,0.857367608,0.922961582,1.535343508,1.39676446,0.879772945,1.070508589,1.537204652,2.204108912,2.516570355,#N/A,#N/A,#N/A,#N/A,#N/A,0.853404357,0.817737179,0.815648543,1.048382056,1.076462463
1999:01,1.200878337,1.639004146,1.891721275,2.098395064,2.718236548,0.890486932,0.917762502,1.033887565,1.494653854,2.115975026,0.853404357,0.819777402,0.857367608,0.922961582,1.535343508,0.890486932,0.899834757,1.102714581,1.734937732,2.397181053,#N/A,#N/A,#N/A,#N/A,#N/A,1.422452779,1.601320427,2.177849187,1.708699218,1.084245799
1999:02,1.200289302,1.31831304,1.981875444,2.23577191,2.094480505,1.35365502,0.994194487,0.915899727,1.114978683,1.623927722,1.422452779,0.853404357,0.819777402,0.857367608,0.922961582,1.35365502,0.961333862,0.97839637,1.455650872,2.030343094,#N/A,#N/A,#N/A,#N/A,#N/A,1.594935546,1.316790954,1.466024945,1.351658365,1.823099875
1999:03,1.599255149,1.523310859,1.733475772,1.881513036,2.269500654,1.30557636,1.168625161,0.982466859,0.938585948,1.160277193,1.594935546,1.422452779,0.853404357,0.819777402,0.857367608,1.30557636,1.115124119,1.040005946,1.279599791,1.520656503,#N/A,#N/A,#N/A,#N/A,#N/A,0.963802012,1.079924646,1.036211069,1.385793998,1.543434242
1999:04,1.619244205,1.642416154,1.939551212,1.796916095,1.908055925,1.512773944,1.480863074,1.340043413,0.981160848,0.969581883,0.963802012,1.594935546,1.422452779,0.853404357,0.819777402,1.512773944,1.426282257,1.303773889,1.261947753,1.204912789,#N/A,#N/A,#N/A,#N/A,#N/A,2.04596957,1.96365129,1.572583364,1.805823478,2.121270251
2000:01,1.764945431,1.778921013,2.059229347,1.753575072,1.330630406,1.776486325,1.524322755,1.613580898,1.42662335,1.0299936,2.04596957,0.963802012,1.594935546,1.422452779,0.853404357,1.776486325,1.568445771,1.698364032,1.684235054,1.033083719,#N/A,#N/A,#N/A,#N/A,#N/A,2.689313114,3.306778396,3.736657341,3.07433443,2.693239538
2000:02,2.440307273,1.707216812,1.701755876,1.788697594,1.745921242,2.041473243,1.624088321,1.453449539,1.543830424,1.374803604,2.689313114,2.04596957,0.963802012,1.594935546,1.422452779,2.041473243,1.58852665,1.421443631,1.833720225,1.287872867,#N/A,#N/A,#N/A,#N/A,#N/A,2.509860886,2.394762106,2.124961396,2.3200671,2.427438347
2000:03,2.151373844,2.05890075,2.165754373,1.874770374,1.980051975,2.186452075,2.099746593,1.885605207,1.595873875,1.56455843,2.509860886,2.689313114,2.04596957,0.963802012,1.594935546,2.186452075,1.975864353,1.835747993,1.530176285,1.285875128,#N/A,#N/A,#N/A,#N/A,#N/A,1.999843795,1.582337191,1.885673165,1.659872138,2.528021737
2000:04,2.14127184,2.253432719,2.093893803,2.01284662,1.896580676,2.400618998,2.613835562,2.334751112,1.896367853,1.659084364,1.999843795,2.509860886,2.689313114,2.04596957,0.963802012,2.400618998,2.485638162,2.370356115,2.172921785,1.522385116,#N/A,#N/A,#N/A,#N/A,#N/A,2.067697981,1.991952012,1.763477062,2.069448421,2.184529266
2001:01,2.358897004,2.242903476,2.580150775,2.476198366,2.067319667,2.375653204,2.501463908,2.548213582,2.220477078,1.860283044,2.067697981,1.999843795,2.509860886,2.689313114,2.04596957,2.375653204,2.554508421,2.712152004,2.549314953,2.036017199,#N/A,#N/A,#N/A,#N/A,#N/A,3.154984272,3.268104506,3.690415624,3.690415624,2.768002647
2001:02,2.265988589,1.895241594,2.37290112,2.3013164,2.231626611,2.537115716,2.152657321,2.338068688,2.409461516,2.203289698,3.154984272,2.067697981,1.999843795,2.509860886,2.689313114,2.537115716,2.099981033,2.261574844,2.477816374,1.858564387,#N/A,#N/A,#N/A,#N/A,#N/A,2.264726709,2.115052784,2.451822709,2.451822709,2.692319044
2001:03,1.852378652,1.844119269,2.384448534,2.448451131,2.362611593,2.191807964,2.154440448,2.092361842,2.339555735,2.487100016,2.264726709,3.154984272,2.067697981,1.999843795,2.509860886,2.191807964,2.127155244,2.02346102,2.215615401,2.272044617,#N/A,#N/A,#N/A,#N/A,#N/A,2.141133165,2.252808577,2.213529914,1.585514284,1.219160215
2001:04,1.46517707,1.973209649,2.205799415,1.991823273,1.974379181,2.340641551,2.394616456,2.422207143,2.218514389,2.410244656,2.141133165,2.264726709,3.154984272,2.067697981,1.999843795,2.340641551,2.356166699,2.52244121,2.239948855,2.624479702,#N/A,#N/A,#N/A,#N/A,#N/A,-0.327376618,-0.109215007,-0.508488937,1.575312833,1.29620496
2002:01,1.668808407,1.827271175,2.125529185,2.193702692,2.216286799,1.735140114,2.736708696,2.782885018,2.66384316,2.247819852,-0.327376618,2.141133165,2.264726709,3.154984272,2.067697981,1.735140114,2.656474496,2.769378062,2.913888788,2.781582065,#N/A,#N/A,#N/A,#N/A,#N/A,0.803869165,1.318180685,1.318180685,1.356705768,1.070793561
2002:02,1.64613124,1.478245736,1.709129923,2.048349396,2.0351883,1.097770346,1.480673056,2.25563793,2.3603775,2.50403549,0.803869165,-0.327376618,2.141133165,2.264726709,3.154984272,1.097770346,1.54219189,2.252015541,2.380617612,2.311752082,#N/A,#N/A,#N/A,#N/A,#N/A,1.167231857,1.240521527,1.240521527,1.488863618,1.595038331
2002:03,1.602882471,1.703543094,1.604501429,1.228975285,2.209286587,1.298644255,1.307592055,1.705397736,2.351415009,2.399384259,1.167231857,0.803869165,-0.327376618,2.141133165,2.264726709,1.298644255,1.479296289,1.717713009,2.298118727,2.270563955,#N/A,#N/A,#N/A,#N/A,#N/A,1.127107905,1.017618558,1.492793644,1.654803206,1.79927579
2002:04,1.700419727,1.815659512,2.043646734,1.806036314,2.187934695,0.482983509,0.540220086,0.589323537,0.866611741,2.485454815,1.127107905,1.167231857,0.803869165,-0.327376618,2.141133165,0.482983509,0.624484509,0.731693512,0.672501557,2.306997188,#N/A,#N/A,#N/A,#N/A,#N/A,1.744778926,1.781369541,1.732180794,1.955101034,2.346786959
2003:01,1.999720773,1.962909477,1.80745541,2.169902948,2.24569149,1.561578773,1.315904704,1.363520916,1.12223418,1.783958341,1.744778926,1.127107905,1.167231857,0.803869165,-0.327376618,1.561578773,1.369863201,1.476361605,1.334727178,2.243813738,#N/A,#N/A,#N/A,#N/A,#N/A,2.54070831,2.357640812,2.714585989,3.077025184,2.178625824
2003:02,1.653748883,1.750316374,1.837210514,2.162084041,1.796093437,1.915346951,1.477853746,1.29048194,1.30845783,1.249412388,2.54070831,1.744778926,1.127107905,1.167231857,0.803869165,1.915346951,1.5085673,1.406778068,1.530668119,1.648942616,#N/A,#N/A,#N/A,#N/A,#N/A,0.968646237,1.004656631,1.104173063,1.120793762,1.376646239
2003:03,1.401619561,1.697381071,1.602011007,1.897424186,1.789664785,1.296481286,1.743701748,1.487524949,1.225098518,1.343136808,0.968646237,2.54070831,1.744778926,1.127107905,1.167231857,1.296481286,1.785131122,1.563229801,1.471045819,1.707927911,#N/A,#N/A,#N/A,#N/A,#N/A,1.758672934,1.64126542,1.43706175,1.827156648,2.317409496
2003:04,1.535343508,1.497304949,1.695591442,1.915582525,2.003553938,1.828446846,1.690560612,1.944955245,1.640706732,1.079425454,1.758672934,0.968646237,2.54070831,1.744778926,1.127107905,1.828446846,1.788562128,2.130994479,1.927199082,0.995894214,#N/A,#N/A,#N/A,#N/A,#N/A,1.096384272,1.519873983,1.622469648,1.87596539,2.338455725
2004:01,1.401440711,1.780107631,1.853783127,1.867211454,2.096433842,1.674477115,1.866376958,1.778686405,2.117604322,1.643066197,1.096384272,1.758672934,0.968646237,2.54070831,1.744778926,1.674477115,1.913504586,1.87383011,2.413235739,1.600618158,#N/A,#N/A,#N/A,#N/A,#N/A,2.480637819,2.760184492,3.618311435,3.73003463,2.897642279
2004:02,2.166655231,1.400341997,1.727630472,1.7737927,1.838951016,1.632122139,1.241240519,1.62791474,1.515083801,2.017791495,2.480637819,1.096384272,1.758672934,0.968646237,2.54070831,1.632122139,1.30199594,1.55115683,1.459769705,1.733234561,#N/A,#N/A,#N/A,#N/A,#N/A,3.194664541,3.225198612,3.852456268,3.68038064,3.286505794
2004:03,1.989525421,1.683164509,1.505147594,1.702446035,1.765961763,2.168532881,1.838748989,1.593873357,1.762112369,1.559796842,3.194664541,2.480637819,1.096384272,1.758672934,0.968646237,2.168532881,1.811168563,1.579332592,1.901846271,1.541755245,#N/A,#N/A,#N/A,#N/A,#N/A,1.266965146,1.420104925,1.457762444,2.112304112,2.559076212
2004:04,1.799875989,2.248833595,1.775579144,1.642830152,1.810187163,1.612637257,1.93302227,1.786216615,1.377478719,1.814340404,1.266965146,3.194664541,2.480637819,1.096384272,1.758672934,1.612637257,2.031494364,1.79860952,1.398552515,1.718812863,#N/A,#N/A,#N/A,#N/A,#N/A,2.004745501,2.25931502,2.733975737,3.193995335,3.118675015
2005:01,2.002209861,2.197801477,2.072641993,1.988463348,1.726336905,2.35175111,2.227846832,2.301798716,2.165080451,1.656070064,2.004745501,1.266965146,3.194664541,2.480637819,1.096384272,2.35175111,2.325430582,2.513185394,2.25996871,1.62550348,#N/A,#N/A,#N/A,#N/A,#N/A,3.260104244,3.082845673,3.472587488,3.916110882,3.104092573
2005:02,2.420798325,1.921900093,2.000434522,2.213623359,1.885519796,2.816563102,2.583769195,2.556072999,2.546350671,1.763628375,3.260104244,2.004745501,1.266965146,3.194664541,2.480637819,2.816563102,2.56710169,2.552497986,2.672371486,2.223560644,#N/A,#N/A,#N/A,#N/A,#N/A,2.408106311,2.566013848,2.427717301,2.5658256,2.957148638
2005:03,2.116768388,2.082922057,1.979024298,2.001538888,2.076355242,2.023079748,2.075215307,1.941394572,1.833008448,2.236807554,2.408106311,3.260104244,2.004745501,1.266965146,3.194664541,2.023079748,1.93825996,1.713989462,1.580223707,2.476840195,#N/A,#N/A,#N/A,#N/A,#N/A,3.120363192,3.30745535,3.283030039,3.484218572,3.830442105
2005:04,2.624082651,2.181695445,2.271230884,1.89596643,1.797315397,2.580162202,2.337471788,2.167005753,2.004832802,1.771442854,3.120363192,2.408106311,3.260104244,2.004745501,1.266965146,2.580162202,2.413865801,2.278486243,2.019511518,1.736622913,#N/A,#N/A,#N/A,#N/A,#N/A,3.018466381,3.473415881,3.252684401,3.486696382,3.224285626
2006:01,2.455947955,2.563778267,2.436785291,2.19117619,2.113346607,2.63383162,2.537762718,2.44573,2.527715298,2.165172806,3.018466381,3.120363192,2.408106311,3.260104244,2.004745501,2.63383162,2.541792079,2.485521322,2.677745909,2.538021416,#N/A,#N/A,#N/A,#N/A,#N/A,3.259333831,3.262372896,3.41711968,3.538355499,2.829131675
2006:02,2.657803266,2.139656192,2.012021882,1.947373763,2.379924839,2.548103522,2.473175841,2.420767007,2.241344885,2.459664657,3.259333831,3.018466381,3.120363192,2.408106311,3.260104244,2.548103522,2.456560848,2.419221903,2.215845585,2.591779312,#N/A,#N/A,#N/A,#N/A,#N/A,3.303703106,3.303703106,3.466411141,2.731459809,3.585174632
2006:03,2.782430566,2.380269612,2.195600233,2.198817954,2.415633325,2.988554165,2.551420964,2.616547613,2.500752394,2.106357732,3.303703106,3.259333831,3.018466381,3.120363192,2.408106311,2.988554165,2.613323286,2.618930483,1.934122465,1.422312064,#N/A,#N/A,#N/A,#N/A,#N/A,1.827674336,1.880158994,2.358348378,2.751535367,2.961448033
2006:04,2.17678396,2.392908822,2.162596546,2.035647094,1.976916328,2.433886301,2.875324364,2.571321604,2.520472934,2.352417183,1.827674336,3.303703106,3.259333831,3.018466381,3.120363192,2.433886301,2.794111622,2.619995619,3.047623263,2.850921709,#N/A,#N/A,#N/A,#N/A,#N/A,1.54433964,1.672967524,1.709561457,2.179681412,1.531017446
2007:01,2.419456796,2.478576095,2.59107148,2.29407544,2.393670293,1.859936154,2.587947079,2.831493947,2.496415323,2.376188846,1.54433964,1.827674336,3.303703106,3.259333831,3.018466381,1.859936154,2.548111931,2.727123179,2.681349809,2.503941822,#N/A,#N/A,#N/A,#N/A,#N/A,3.967737471,4.227872084,4.114944814,4.248842912,4.065065892
2007:02,2.530654709,2.158927692,2.142713542,2.332723468,2.205668449,3.065616497,2.004460039,2.575489591,2.801385351,2.312060263,3.967737471,1.54433964,1.827674336,3.303703106,3.259333831,3.065616497,2.384518132,2.490352815,2.335088067,2.286235495,#N/A,#N/A,#N/A,#N/A,#N/A,2.694597467,2.643063143,2.019573531,2.681132781,2.561564657
2007:03,2.136022925,2.284784901,2.075505903,2.298545277,2.250729001,2.296577075,2.167412536,2.070643132,2.206607729,2.690234473,2.694597467,3.967737471,1.54433964,1.827674336,3.303703106,2.296577075,2.085746408,1.934450748,2.407001558,2.794176743,#N/A,#N/A,#N/A,#N/A,#N/A,0.768559229,1.04146541,1.524564137,1.647414939,1.701728331
2007:04,2.154804818,2.10236183,2.144534834,2.098978592,2.1597413,2.153182256,2.506819298,2.276323806,2.100950937,2.266686896,0.768559229,2.694597467,3.967737471,1.54433964,1.827674336,2.153182256,2.488014264,2.330228139,1.630745148,1.866468253,#N/A,#N/A,#N/A,#N/A,#N/A,2.561013498,2.435205676,2.836727465,2.319359397,1.952071893
2008:01,2.359229832,2.458221544,2.61161811,2.380973153,2.191453435,3.134423371,3.081027173,3.031693215,2.936113523,2.114830056,2.561013498,0.768559229,2.694597467,3.967737471,1.54433964,3.134423371,3.144698826,3.172611234,2.868765782,1.690951887,#N/A,#N/A,#N/A,#N/A,#N/A,2.602998954,2.630965615,1.899969963,1.936478956,1.738386422
2008:02,2.559562317,2.241757505,2.052375575,2.195488679,2.358799409,2.083695914,2.238380949,2.205402332,2.615360802,2.689020638,2.602998954,2.561013498,0.768559229,2.694597467,3.967737471,2.083695914,2.096702487,2.002878878,2.902068923,2.546535158,#N/A,#N/A,#N/A,#N/A,#N/A,1.056680585,1.116366579,1.811822813,3.16758754,1.45881207
2008:03,2.599890209,2.37315444,2.384379808,2.234499768,2.160559679,1.907335242,1.901769978,1.900326687,1.65862566,2.421493901,1.056680585,2.602998954,2.561013498,0.768559229,2.694597467,1.907335242,1.850559509,1.841841258,1.432501712,2.255056632,#N/A,#N/A,#N/A,#N/A,#N/A,4.170240941,3.937074196,4.01613013,4.479832596,3.135870491
2008:04,2.599971727,2.400152419,2.260766301,1.940284318,2.225408769,2.664339938,2.36756723,2.285036805,2.501960325,2.27356585,4.170240941,1.056680585,2.602998954,2.561013498,0.768559229,2.664339938,2.40267173,2.384632152,2.408309003,1.08835479,#N/A,#N/A,#N/A,#N/A,#N/A,-0.068200914,0.546864825,0.091665324,-1.214652835,0.72344294
2009:01,0.618764693,2.021384959,2.399689952,2.425993929,2.412618475,2.07449409,2.265646358,2.075617668,2.298312723,2.608227967,-0.068200914,4.170240941,1.056680585,2.602998954,2.561013498,2.07449409,2.287208946,2.028678678,2.387912051,2.833008109,#N/A,#N/A,#N/A,#N/A,#N/A,2.898743342,1.867177184,1.144554195,1.702340322,0.109547474
2009:02,0.849459651,1.081078746,1.891047771,2.400134741,2.50676813,1.977589456,2.214693751,2.547340884,1.761303767,2.099121066,2.898743342,-0.068200914,4.170240941,1.056680585,2.602998954,1.977589456,2.560274792,2.526301649,1.627893781,2.34801049,#N/A,#N/A,#N/A,#N/A,#N/A,0.237305203,-0.018236777,0.329278053,-0.436803759,-0.550433316
2009:03,1.599960187,1.12027859,1.399482501,1.930756854,1.712495972,1.263200698,2.403141988,1.432213697,2.889307104,2.039957727,0.237305203,2.898743342,-0.068200914,4.170240941,1.056680585,1.263200698,2.106558068,1.566231129,2.737568172,1.200882385,#N/A,#N/A,#N/A,#N/A,#N/A,0.78291116,0.390883178,0.746914349,0.266716452,0.244769517
2009:04,1.284745645,1.185266265,1.580110773,0.975317619,1.92148233,1.003865905,1.230634592,1.900113968,2.095332513,2.477540853,0.78291116,0.237305203,2.898743342,-0.068200914,4.170240941,1.003865905,1.255496523,1.692208387,1.687089695,2.662974918,#N/A,#N/A,#N/A,#N/A,#N/A,0.624618558,0.507508942,-0.24031011,1.12451563,1.478717992
2010:01,1.500225383,1.469086581,1.603158421,1.41312498,1.557051217,0.64543057,0.926563006,1.235127742,2.368522217,2.008679458,0.624618558,0.78291116,0.237305203,2.898743342,-0.068200914,0.64543057,1.68842722,1.951379572,2.839256467,2.649680408,#N/A,#N/A,#N/A,#N/A,#N/A,0.85439173,0.973513789,1.466590388,1.516470363,1.015632084
2010:02,1.299915344,1.207898191,1.236530984,0.713692786,1.765481074,0.838140552,0.829316019,1.169100397,1.450472468,2.127978798,0.85439173,0.624618558,0.78291116,0.237305203,2.898743342,0.838140552,-0.711216398,-0.017109886,-0.14584066,0.600159623,#N/A,#N/A,#N/A,#N/A,#N/A,1.831303348,1.927214006,1.457569131,1.650262739,1.876586293
2010:03,1.363425197,1.39991676,1.457958572,1.383055095,2.3353267,1.389580476,0.989362549,0.926415147,1.231979856,1.47898175,1.831303348,0.85439173,0.624618558,0.78291116,0.237305203,1.389580476,1.632974033,1.365355151,2.179143573,2.224583631,#N/A,#N/A,#N/A,#N/A,#N/A,2.274659081,2.098038017,1.423077605,2.046491073,1.46268247
2010:04,1.411423561,1.143140672,1.774296722,1.573579235,1.83856336,2.165930577,1.129813363,1.089109573,1.018942871,1.315600498,2.274659081,1.831303348,0.85439173,0.624618558,0.78291116,2.165930577,1.158684139,1.445866587,-1.005281645,-0.490708825,#N/A,#N/A,#N/A,#N/A,#N/A,0.335375042,0.382322537,1.946362052,2.138322251,2.312333812
2011:01,1.592873009,1.288692537,1.589595566,1.765005701,1.888259514,1.192076511,2.11934764,1.368491366,1.161700737,1.115106823,0.335375042,2.274659081,1.831303348,0.85439173,0.624618558,1.192076511,1.764681417,1.592241379,1.963197364,0.867630326,#N/A,#N/A,#N/A,#N/A,#N/A,1.895192443,2.497564178,1.985319357,1.602510067,1.975988526
2011:02,2.057044609,1.079709492,1.599745947,1.666388845,1.684449261,1.761628151,1.552580164,2.099389948,1.63086965,1.246251983,1.895192443,0.335375042,2.274659081,1.831303348,0.85439173,1.761628151,1.641839081,2.030948281,1.929176309,1.397206003,#N/A,#N/A,#N/A,#N/A,#N/A,2.329898326,2.518322767,2.587258267,2.644185453,2.920319814
2011:03,1.890108851,1.946708357,1.709302289,1.700102849,1.612138719,2.303163529,1.910022728,1.768604252,2.090839403,1.604529847,2.329898326,1.895192443,0.335375042,2.274659081,1.831303348,2.303163529,1.900681135,1.811532189,2.13624794,2.392053457,#N/A,#N/A,#N/A,#N/A,#N/A,2.520584805,2.571044942,2.960458865,2.456697875,2.134332916
2011:04,1.782263916,1.63642745,1.409845459,1.449182377,1.500166426,2.387385657,2.247839325,1.465404013,1.342313013,2.087176063,2.520584805,2.329898326,1.895192443,0.335375042,2.274659081,2.387385657,2.277787046,1.397784296,1.283157569,2.45294545,#N/A,#N/A,#N/A,#N/A,#N/A,0.436523004,0.881549028,0.365614265,0.506501846,0.512339862
2012:01,1.624690826,1.932598218,1.849718749,1.856280604,1.776365613,1.56869035,2.335821305,2.21926398,1.804618573,1.512086901,0.436523004,2.520584805,2.329898326,1.895192443,0.335375042,1.56869035,2.360002422,2.196463411,1.968601416,2.033866784,#N/A,#N/A,#N/A,#N/A,#N/A,1.523607433,2.003639502,1.995841849,2.126202476,2.412930133
2012:02,1.800129468,1.623426984,1.922246184,1.947441805,1.87980447,1.549248112,1.451179408,2.280168971,2.193366813,1.809964058,1.523607433,0.436523004,2.520584805,2.329898326,1.895192443,1.549248112,1.60840795,2.286204485,2.172542192,2.613161713,#N/A,#N/A,#N/A,#N/A,#N/A,1.558658398,1.551596825,1.756485895,1.83518594,1.674443518
2012:03,1.703605821,2.045738323,2.06911908,1.445552282,2.116505796,1.861849057,1.721653591,1.697196069,2.244646733,2.175681933,1.558658398,1.523607433,0.436523004,2.520584805,2.329898326,1.861849057,1.814133027,1.432475916,2.2435018,2.573233711,#N/A,#N/A,#N/A,#N/A,#N/A,2.831845137,2.657989154,2.287602499,2.066579209,2.486491533
2012:04,1.726586585,1.912525958,1.654315794,1.572096778,2.422780817,2.251283521,1.869835439,1.79554972,1.760584518,2.215920088,2.831845137,1.558658398,1.523607433,0.436523004,2.520584805,2.251283521,1.854823433,1.853617775,1.560555627,2.662723112,#N/A,#N/A,#N/A,#N/A,#N/A,0.59541675,0.963681403,1.124842974,1.318630019,1.709688874
2013:01,1.713959606,1.773495006,1.783955282,2.1448933,1.729100119,1.745199158,2.356198872,1.945840504,1.868045726,1.847861313,0.59541675,2.831845137,1.558658398,1.523607433,0.436523004,1.745199158,2.43018081,1.875039974,1.906462475,1.573435741,#N/A,#N/A,#N/A,#N/A,#N/A,1.169760362,1.347153962,1.333384581,1.503633112,1.573782185
2013:02,1.698741577,1.879271153,1.956879737,1.713478544,1.905859243,1.504338707,1.562079852,2.251009658,1.976613138,1.915080762,1.169760362,0.59541675,2.831845137,1.558658398,1.523607433,1.504338707,1.440590384,2.356474289,1.931014266,1.911461097,#N/A,#N/A,#N/A,#N/A,#N/A,0.749308437,0.646882867,1.222457724,1.102968941,1.207917334
2013:03,1.700157868,1.722743932,2.104997019,2.104332871,2.025522307,1.366881544,1.673104926,1.817117555,2.238646822,2.006587293,0.749308437,1.169760362,0.59541675,2.831845137,1.558658398,1.366881544,1.726942025,1.589590417,2.317156836,1.942646228,#N/A,#N/A,#N/A,#N/A,#N/A,1.904852971,1.973655945,1.693356068,1.99934289,2.166693238
2013:04,1.700054157,1.799362482,1.918400717,1.748345595,2.13875541,1.613940016,1.442663346,1.812660572,1.851962192,2.208174377,1.904852971,0.749308437,1.169760362,0.59541675,2.831845137,1.613940016,1.445958503,1.800732735,1.627168112,2.305943644,#N/A,#N/A,#N/A,#N/A,#N/A,1.27710259,1.561291962,1.519669601,1.788756883,2.282627013
2014:01,1.742537448,1.700044329,1.896929451,2.015554285,1.973143718,1.750331922,1.845269797,1.632192844,1.902597018,1.933744884,1.27710259,1.904852971,0.749308437,1.169760362,0.59541675,1.750331922,1.968769901,1.556418174,1.831465144,1.732972008,#N/A,#N/A,#N/A,#N/A,#N/A,1.317395283,1.29928605,1.47609324,1.742422219,1.628575096
2014:02,1.599830447,1.598956733,1.776846784,1.572475315,1.816894781,1.64765287,1.729775486,1.85126389,1.723077101,1.967823806,1.317395283,1.27710259,1.904852971,0.749308437,1.169760362,1.64765287,1.696186766,1.984348975,1.639930953,1.877431694,#N/A,#N/A,#N/A,#N/A,#N/A,1.983120049,2.122656971,2.225227794,2.140138061,2.29996137
2014:03,1.793119175,1.749636611,1.861802322,1.777616679,1.984236759,1.856776796,1.705162912,1.850472748,1.915376233,1.806618139,1.983120049,1.317395283,1.27710259,1.904852971,0.749308437,1.856776796,1.718724263,1.767145262,1.988976569,1.723902585,#N/A,#N/A,#N/A,#N/A,#N/A,1.310648393,1.418891739,1.585462584,1.718192854,1.855322925
2014:04,1.615067555,1.88583594,1.761466475,1.851306494,1.972319173,1.787658911,1.961351611,1.811429669,1.887718331,1.940229977,1.310648393,1.983120049,1.317395283,1.27710259,1.904852971,1.787658911,2.020794211,1.784618318,1.810101497,1.999836521,#N/A,#N/A,#N/A,#N/A,#N/A,-0.018407646,0.139981192,0.117430103,0.5249453,0.288693138
2015:01,0.632200208,1.713301404,1.97061407,2.111722683,2.045113971,1.027949823,1.778598991,1.973441318,1.865051796,1.933570713,-0.018407646,1.310648393,1.983120049,1.317395283,1.27710259,1.027949823,1.740100375,2.027864595,1.820440478,1.938882895,#N/A,#N/A,#N/A,#N/A,#N/A,-0.055196014,0.113725461,-0.051215451,-0.135265416,-0.046099767
2015:02,1.568356519,1.616898417,2.071975141,2.013479522,1.877969449,0.614917811,1.154809642,1.886157396,2.001579169,1.912057516,-0.055196014,-0.018407646,1.310648393,1.983120049,1.317395283,0.614917811,1.246897476,1.790716752,2.032754776,1.858458722,#N/A,#N/A,#N/A,#N/A,#N/A,2.020408729,2.117198747,2.269606918,2.209769645,2.290482776
2015:03,1.752787043,1.776064421,1.903069379,1.831974086,1.994193021,1.641950774,0.870151257,1.429492188,1.924603046,2.015171986,2.020408729,-0.055196014,-0.018407646,1.310648393,1.983120049,1.641950774,1.012037945,1.241872455,1.845596684,2.037426852,#N/A,#N/A,#N/A,#N/A,#N/A,1.242010651,1.319328,1.26503186,1.378968365,0.981785373
2015:04,1.400129557,1.604297604,1.717919383,1.55041411,1.844524969,1.699537764,1.844749721,1.134055444,1.569898186,1.964121416,1.242010651,2.020408729,-0.055196014,-0.018407646,1.310648393,1.699537764,1.600065877,1.171251778,1.395292142,1.897189503,#N/A,#N/A,#N/A,#N/A,#N/A,0.783791737,0.882546029,0.83694494,0.760103688,-0.026679498
2016:01,1.098638606,1.717792078,1.800842021,1.910625684,2.013067602,1.335539806,1.706587348,1.856120778,1.308931644,1.686244649,0.783791737,1.242010651,2.020408729,-0.055196014,-0.018407646,1.335539806,1.76436499,1.97302444,1.258760152,1.632300587,#N/A,#N/A,#N/A,#N/A,#N/A,0.741943157,0.496859665,0.293516614,-0.205366073,-0.224717942
2016:02,1.516376012,1.587488654,1.910461046,1.933353891,1.853117255,1.211685324,1.464407086,1.799772157,1.898564438,1.446034212,0.741943157,0.783791737,1.242010651,2.020408729,-0.055196014,1.211685324,1.463854019,1.689625589,1.97601173,1.415782882,#N/A,#N/A,#N/A,#N/A,#N/A,2.212731103,2.308323158,2.441838804,2.672916832,2.708419976
2016:03,1.627968191,1.64640167,1.845099535,1.864967421,1.724238161,1.755545755,1.384673548,1.619122837,1.837824816,1.917847834,2.212731103,0.741943157,0.783791737,1.242010651,2.020408729,1.755545755,1.326168761,1.479824241,1.700164835,1.631041233,#N/A,#N/A,#N/A,#N/A,#N/A,1.511167102,1.423941028,1.387751329,1.414695662,1.210273677
2016:04,1.839395372,1.821243412,1.827037909,1.862813479,1.917205576,1.841251344,1.899032975,1.543131205,1.706634646,1.871209168,1.511167102,2.212731103,0.741943157,0.783791737,1.242010651,1.841251344,1.585663835,1.355048482,1.515520999,1.864104425,#N/A,#N/A,#N/A,#N/A,#N/A,2.097581419,2.079390394,1.981576279,2.25422506,2.193577383
2017:01,2.08886742,1.870734638,1.81226617,1.926780701,1.938919448,1.890292242,1.810288419,1.869062479,1.641531789,1.771199406,2.097581419,1.511167102,2.212731103,0.741943157,0.783791737,1.890292242,1.560189635,1.610394951,1.47686061,1.596750896,#N/A,#N/A,#N/A,#N/A,#N/A,2.264203675,2.018850201,2.001675317,1.879010065,2.032784286
2017:02,1.799920508,2.06649481,1.961728217,2.103346108,2.075021133,2.108475413,1.964340422,1.864030501,1.884210237,1.711909623,2.264203675,2.097581419,1.511167102,2.212731103,0.741943157,2.108475413,1.998808874,1.90796825,1.988971292,1.443284297,#N/A,#N/A,#N/A,#N/A,#N/A,1.018483103,1.014908477,1.199016149,1.329446879,1.329858902
2017:03,1.612275742,1.969315379,2.030447135,1.942122578,1.820074186,1.619542109,2.091150672,1.945313083,1.878667531,1.88443406,1.018483103,2.264203675,2.097581419,1.511167102,2.212731103,1.619542109,2.086189828,1.843651602,1.757709842,1.965625789,#N/A,#N/A,#N/A,#N/A,#N/A,2.172525062,2.100620687,2.178367167,2.397556063,2.182294464
2017:04,1.804249467,1.887159832,2.08761971,2.278019821,1.985871656,1.886579986,1.627822069,2.051306321,1.954829093,1.895034477,2.172525062,1.018483103,2.264203675,2.097581419,1.511167102,1.886579986,1.714482242,2.069872852,1.982771784,1.930557414,#N/A,#N/A,#N/A,#N/A,#N/A,2.361645093,2.340151835,2.512841454,2.552963705,2.679793236
2018:01,1.999952224,1.908405116,2.033842223,1.885370053,2.035334497,1.943663764,1.812469588,1.756136576,2.032976873,1.954078356,2.361645093,2.172525062,1.018483103,2.264203675,2.097581419,1.943663764,1.865614166,1.74321042,2.066515958,1.821194302,#N/A,#N/A,#N/A,#N/A,#N/A,1.981569184,2.003724965,2.323240444,2.433600294,2.429377512
2018:02,1.929345873,2.030301277,1.887318582,1.932168666,2.09880891,2.03497329,2.034103919,1.933771586,1.804159927,2.01768913,1.981569184,2.361645093,2.172525062,1.018483103,2.264203675,2.03497329,1.88762174,1.790552355,1.62232299,2.008501001,#N/A,#N/A,#N/A,#N/A,#N/A,3.037248571,3.048472213,3.213399161,3.233597354,3.12436044
2018:03,2.300051992,2.071709033,2.014772191,2.096511309,1.919356933,2.457471797,2.0416799,2.048586415,1.913780028,1.848242039,3.037248571,1.981569184,2.361645093,2.172525062,1.018483103,2.457471797,2.044347505,2.089318693,2.030358501,1.835303482,#N/A,#N/A,#N/A,#N/A,#N/A,1.669576176,1.81669815,2.033306411,1.849940936,1.794882089
2018:04,2.199968297,2.288738503,2.080995593,2.015174308,2.100310809,1.829239178,2.199944369,1.988908879,1.993956255,1.914242763,1.669576176,3.037248571,1.981569184,2.361645093,2.172525062,1.829239178,2.230275986,2.046820101,2.097016532,1.793472908,#N/A,#N/A,#N/A,#N/A,#N/A,1.790169437,1.691309822,1.624026136,1.775486723,1.981165543
2019:01,1.957350225,2.295797141,2.173165964,2.193611643,2.085884252,1.879582826,1.899115528,2.085554869,1.982427995,1.994084484,1.790169437,1.669576176,3.037248571,1.981569184,2.361645093,1.879582826,2.176976228,2.358997632,1.949559049,2.046079572,#N/A,#N/A,#N/A,#N/A,#N/A,0.877492612,1.054389937,1.221834515,1.123498233,1.123498233
2019:02,2.245272437,2.24279178,2.220885677,2.238001941,2.057900415,1.444317033,1.918912537,1.929696841,2.03474491,1.97386362,0.877492612,1.790169437,1.669576176,3.037248571,1.981569184,1.444317033,1.885477677,1.867051807,2.318858748,2.034660837,#N/A,#N/A,#N/A,#N/A,#N/A,2.366825771,2.421598875,2.476550859,2.315765925,2.315765925
2019:03,1.93977289,2.052758079,2.12062634,2.037025993,2.199561178,2.103602434,1.693570265,1.936212252,1.943080721,2.012175952,2.366825771,0.877492612,1.790169437,1.669576176,3.037248571,2.103602434,1.561978379,1.903895378,1.87713263,2.235596325,#N/A,#N/A,#N/A,#N/A,#N/A,1.657661153,1.816601403,1.509617024,1.369536127,1.369536127
2019:04,1.791384173,1.952736747,2.177991838,2.055117088,2.306799996,1.784879585,1.987696727,1.80317594,1.94382177,1.948938163,1.657661153,2.366825771,0.877492612,1.790169437,1.669576176,1.784879585,2.041890051,1.545655167,1.909636912,1.897534577,#N/A,#N/A,#N/A,#N/A,#N/A,1.416778805,1.273352468,1.381857112,1.512179426,1.512179426
2020:01,1.780066114,1.973407721,1.981957496,1.809668965,1.997026562,1.66488825,1.840049255,1.936659714,1.851373526,1.947168922,1.416778805,1.657661153,2.366825771,0.877492612,1.790169437,1.66488825,1.809266583,2.045216591,1.591601157,1.92044676,#N/A,#N/A,#N/A,#N/A,#N/A,1.308613167,1.391407226,1.603217313,#N/A,1.603217313
2020:02,0.569111799,1.844281766,1.881281022,1.96398265,2.012425055,1.606703951,1.770228276,1.863974189,1.914186475,1.872567751,1.308613167,1.416778805,1.657661153,2.366825771,0.877492612,1.606703951,1.725058064,1.792068538,2.039589236,1.679666609,#N/A,#N/A,#N/A,#N/A,#N/A,-1.828915613,-1.821956518,-1.501214172,#N/A,-1.501214172
2020:03,1.500125521,0.419817296,1.891980101,1.947063739,2.015797449,0.199715566,1.72964794,1.814952575,1.874349499,1.904290784,-1.828915613,1.308613167,1.416778805,1.657661153,2.366825771,0.199715566,1.672932583,1.703124533,1.792166369,2.014998835,#N/A,#N/A,#N/A,#N/A,#N/A,3.59159839,3.511557824,3.642632675,#N/A,3.642632675
2020:04,1.613394415,1.292578357,1.407793853,1.982895091,1.960261395,2.155057435,1.062046182,1.780354722,1.833941207,1.878848866,3.59159839,-1.828915613,1.308613167,1.416778805,1.657661153,2.155057435,0.565101436,1.654460725,1.692366129,1.816810017,#N/A,#N/A,#N/A,#N/A,#N/A,2.04290912,2.04290912,2.218530581,#N/A,2.218530581
2021:01,1.987019064,2.055253569,1.607200548,1.700102993,1.988265995,1.788113255,1.840759882,1.428605711,1.80126813,1.842003225,2.04290912,3.59159839,-1.828915613,1.308613167,1.416778805,1.788113255,2.227000758,0.55809503,1.643088756,1.7335103,#N/A,#N/A,#N/A,#N/A,#N/A,4.067064821,4.308338185,#N/A,#N/A,4.308338185
2021:02,2.700161296,1.912963102,1.845897528,1.400116059,1.971111845,2.180117053,1.739831342,1.77199543,1.58442285,1.809893616,4.067064821,2.04290912,3.59159839,-1.828915613,1.308613167,2.180117053,1.785348643,2.218152187,0.543343615,1.430356596,#N/A,#N/A,#N/A,#N/A,#N/A,5.976144471,6.073570152,#N/A,#N/A,6.073570152
2021:03,3.796589325,2.471076888,1.888056961,1.719079655,1.770998209,3.106206324,1.835831892,1.73068228,1.756950611,1.650657604,5.976144471,4.067064821,2.04290912,3.59159839,-1.828915613,3.106206324,2.252457272,1.783049669,1.371550601,0.77592808,#N/A,#N/A,#N/A,#N/A,#N/A,5.712868887,5.957873481,#N/A,#N/A,5.957873481
2021:04,3.396049087,2.378368749,2.328935199,2.04038389,1.868385003,4.275229775,2.217973752,1.773014959,1.728948601,1.753658988,5.712868887,5.976144471,4.067064821,2.04290912,3.59159839,4.275229775,2.808703415,1.784620657,1.758756427,1.715276392,#N/A,#N/A,#N/A,#N/A,#N/A,6.942203388,7.132799697,#N/A,#N/A,7.132799697
2022:01,4.162381168,2.830471681,2.131155323,2.382531475,1.971563231,5.694486181,3.662085001,1.943069882,1.761553625,1.728620082,6.942203388,5.712868887,5.976144471,4.067064821,2.04290912,5.694486181,3.205918645,2.226833033,2.413668915,2.137555935,#N/A,#N/A,#N/A,#N/A,#N/A,7.96143797,#N/A,#N/A,#N/A,7.96143797
2022:02,5.343168694,3.549307578,2.695567109,2.151369753,2.054230583,7.23252023,5.478740896,3.108220161,1.857988407,1.759462434,7.96143797,6.942203388,5.712868887,5.976144471,4.067064821,7.23252023,4.768039054,2.485801013,1.41398286,3.746269745,#N/A,#N/A,#N/A,#N/A,#N/A,#N/A,#N/A,#N/A,#N/A,#N/A
2022:03,#N/A,3.909186277,2.310116005,2.394179294,2.343906421,#N/A,7.15030189,4.94311496,2.76401407,1.831656085,#N/A,7.96143797,6.942203388,5.712868887,5.976144471,#N/A,7.094551943,3.69237728,1.755412923,2.230290029,#N/A,#N/A,#N/A,#N/A,#N/A,#N/A,#N/A,#N/A,#N/A,#N/A
2022:04,#N/A,#N/A,2.751265937,2.559943355,2.363991424,#N/A,#N/A,6.832733581,4.626170286,2.510746766,#N/A,#N/A,7.96143797,6.942203388,5.712868887,#N/A,#N/A,5.328859897,1.483348726,1.422999128,#N/A,#N/A,#N/A,#N/A,#N/A,#N/A,#N/A,#N/A,#N/A,#N/A
2023:01,#N/A,#N/A,#N/A,3.000000567,2.806223681,#N/A,#N/A,#N/A,6.630755087,4.295248573,#N/A,#N/A,#N/A,7.96143797,6.942203388,#N/A,#N/A,#N/A,3.320703794,1.350407691,#N/A,#N/A,#N/A,#N/A,#N/A,#N/A,#N/A,#N/A,#N/A,#N/A
2023:02,#N/A,#N/A,#N/A,#N/A,2.500172429,#N/A,#N/A,#N/A,#N/A,6.40284711,#N/A,#N/A,#N/A,#N/A,7.96143797,#N/A,#N/A,#N/A,#N/A,0.695967629,#N/A,#N/A,#N/A,#N/A,#N/A,#N/A,#N/A,#N/A,#N/A,#N/A
